ID,Handle,Command,Metafield: title_tag [string],Metafield: custom.title_ar [single_line_text_field],Metafield: custom.description_ar [single_line_text_field],Metafield: description_tag [string],Metafield: brand_details.coverPhotoDesktopURL [string],Metafield: brand_details.coverPhotoMobileURL [string],Metafield: brand_details.coverPhotoTabURL [string],Metafield: brand_details.coverPhotoMobileURL [single_line_text_field],Metafield: brand_details.coverPhotoDesktopURL [single_line_text_field],Metafield: brand_details.coverPhotoTabURL [single_line_text_field],Metafield: brand_details.isComingSoon [string],Metafield: collection_is_hidden.is_hidden [string],Metafield: category_level.level [single_line_text_field],Metafield: collection_nav_bar_display.top_nav_bar [single_line_text_field],Metafield: collection_order_display.order [number_integer],Metafield: collection_is_hidden.is_hidden [single_line_text_field],Metafield: parent_level_1.parent_in_level_1 [single_line_text_field],Metafield: parent_level_2.parent_in_level_2 [single_line_text_field]
287061147864,rituals,MERGE,Shop For Rituals Products Online In UAE | Nysaa,,,"Buy Rituals collection at best price online from Nysaa. Huge collection. Order now and avail great offers, easy returns and exchange.",https://cdn.shopify.com/s/files/1/0559/7229/8924/files/Rituals_375x200_29d41db2-5e18-4811-9d60-92223d65311b.jpg?v=1620583276,,https://cdn.shopify.com/s/files/1/0559/7229/8924/files/Rituals_768x400_222cbfbd-335f-4587-b616-34904d9566a4.jpg?v=1620583277,https://cdn.shopify.com/s/files/1/0559/7229/8924/files/Rituals_1040x368_c9519a32-8c46-448d-a05b-2d4d1241aa4c.jpg?v=1620583276,,,,,,,,,,
287061213400,cosrx,MERGE,Shop For Cosrx Products Online In UAE | Nysaa,,,"Buy Cosrx collection at best price online from Nysaa. Huge collection. Order now and avail great offers, easy returns and exchange.",,,,https://cdn.shopify.com/s/files/1/0559/7229/8924/files/COSRX_768x400_e6351ca2-9662-4d89-9b28-16482ddf7444.jpg?v=1620502295,https://cdn.shopify.com/s/files/1/0559/7229/8924/files/COSRX_1040x368_f263b867-e26f-4910-a6a2-c7bb19a1cd5c.jpg?v=1620502295,https://cdn.shopify.com/s/files/1/0559/7229/8924/files/COSRX_375x200_425d7ed4-2f94-4b6c-82d8-f25805e26824.jpg?v=1620502294,,,,,,,,
287061770456,inglot,MERGE,Shop For Inglot Products Online In UAE | Nysaa,,,"Buy Inglot collection at best price online from Nysaa. Huge collection. Order now and avail great offers, easy returns and exchange.",,,,https://cdn.shopify.com/s/files/1/0559/7229/8924/files/Inglot_768x400_9757ad92-c688-43dc-aac4-e03d9e9b461e.jpg?v=1620555609,https://cdn.shopify.com/s/files/1/0559/7229/8924/files/Inglot_1040x368_683ac471-d316-4da3-bebb-715384914897.jpg?v=1620555609,https://cdn.shopify.com/s/files/1/0559/7229/8924/files/Inglot_375x200_c40f96a4-e8d7-41a1-9306-5ad3b38ada4a.jpg?v=1620555609,,,,,,,,
287061999832,sensica,MERGE,Shop For Sensica Products Online In UAE | Nysaa,,,"Buy Sensica collection at best price online from Nysaa. Huge collection. Order now and avail great offers, easy returns and exchange.",https://cdn.shopify.com/s/files/1/0559/7229/8924/files/Sensica_375x200_7cd67d43-a720-4f87-8fdf-9884b9449057.jpg?v=1620586026,,https://cdn.shopify.com/s/files/1/0559/7229/8924/files/Sensica_768x400_142d50bd-23bd-4c83-a6ee-b47ccc98b3ca.jpg?v=1620586026,https://cdn.shopify.com/s/files/1/0559/7229/8924/files/Sensica_1040x368_34b7fd8f-2d7b-43aa-9063-fc31508166e2.jpg?v=1620586026,,,,,,,,,,
287062065368,axis-y,MERGE,Shop For Axis-Y Products Online In UAE | Nysaa,,,"Buy Axis-Y collection at best price online from Nysaa. Huge collection. Order now and avail great offers, easy returns and exchange.",,,,https://cdn.shopify.com/s/files/1/0559/7229/8924/files/Axis-Y_768x400_1d5f6d6b-9fa4-4406-845d-0ecde70ca197.jpg?v=1620339230,https://cdn.shopify.com/s/files/1/0559/7229/8924/files/Axis-Y_1040x368_518f6d95-b4c6-4cae-b131-7a0575598119.jpg?v=1620339230,https://cdn.shopify.com/s/files/1/0559/7229/8924/files/Axis-Y_375x200_5330c1de-4ce8-48de-895f-691ddc6cb246.jpg?v=1620339230,,,,,,,,
287062098136,plum,MERGE,Shop For Plum Products Online In UAE | Nysaa,,,"Buy Plum collection at best price online from Nysaa. Huge collection. Order now and avail great offers, easy returns and exchange.",https://cdn.shopify.com/s/files/1/0559/7229/8924/files/Plum_375x200_5ca43b07-290a-4f29-ae78-da2ecd84ba3a.jpg?v=1620581442,,https://cdn.shopify.com/s/files/1/0559/7229/8924/files/Plum_768x400_9d2fc1f7-8036-44a5-9322-5ed767eb8f36.jpg?v=1620581442,https://cdn.shopify.com/s/files/1/0559/7229/8924/files/Plum_1040x368_9689cf11-97c8-422b-bf6c-205a7e0001aa.jpg?v=1620581442,,,,,,,,,,
287062130904,gentlemens-tonic,MERGE,Shop For Gentlemens Tonic Products Online In UAE | Nysaa,,,"Buy Gentlemens tonic collection at best price online from Nysaa. Huge collection. Order now and avail great offers, easy returns and exchange.",,,,https://cdn.shopify.com/s/files/1/0559/7229/8924/files/Gentlemen_s_Tonic_Banner_7Banner_50x360_98ce5235-0817-45dd-ab4a-ee443b740db1.jpg?v=1619357319,https://cdn.shopify.com/s/files/1/0559/7229/8924/files/Gentlemen_s_Tonic_520x350_5ab2d30a-4b8f-44ac-bd0d-f6650d066c92.jpg?v=1619357319,https://cdn.shopify.com/s/files/1/0559/7229/8924/files/Gentlemen_s_Tonic_Banner_375x190_cb3f993c-308d-4700-9073-bd31acc0cc8b.jpg?v=1619357319,,,,,,,,
287062163672,some-by-mi,MERGE,Shop For Some-By-Mi Products Online In UAE | Nysaa,,,"Buy Some-By-Mi collection at best price online from Nysaa. Huge collection. Order now and avail great offers, easy returns and exchange.",https://cdn.shopify.com/s/files/1/0559/7229/8924/files/Some_by_Mi_375x200_56f3c353-f8a7-4da1-a375-67e39be1f0e9.jpg?v=1620587238,,https://cdn.shopify.com/s/files/1/0559/7229/8924/files/Some_by_Mi_768x400_4a476377-fd68-47a7-8377-577b69d0f8a9.jpg?v=1620587239,https://cdn.shopify.com/s/files/1/0559/7229/8924/files/Some_by_Mi_1040x368_a7bdecde-961e-4bb3-977e-50b4e71488cb.jpg?v=1620587239,,,,,,,,,,
287062425816,wakeup-cosmetics-milano,MERGE,Shop For Wakeup Cosmetics-Milano Products Online In UAE | Nysaa,,,"Buy Wakeup Cosmetics Milano collection at best price online from Nysaa. Huge collection. Order now and avail great offers, easy returns and exchange.",https://cdn.shopify.com/s/files/1/0559/7229/8924/files/Wakeup_Cosmetics_375x200_63efec9e-d7d6-4203-8355-260839e34da7.jpg?v=1620594138,,https://cdn.shopify.com/s/files/1/0559/7229/8924/files/Wakeup_Cosmetics_768x400_2422a2fd-2e78-4bec-9213-5b34ddb315b8.jpg?v=1620594138,https://cdn.shopify.com/s/files/1/0559/7229/8924/files/Wakeup_Cosmetics_1040x368_8b9aaddc-3eed-4076-bef1-364cee6917a9.jpg?v=1620594138,,,,,,,,,,
287063277784,rimmel-london,MERGE,Shop For Rimmel London Products Online In UAE | Nysaa,,,"Buy Rimmel London collection at best price online from Nysaa. Huge collection. Order now and avail great offers, easy returns and exchange.",https://cdn.shopify.com/s/files/1/0559/7229/8924/files/Rimmel_375x190_7c4a74a3-1b96-4472-9e32-9b2bcdf2ef5a.jpg?v=1619830098,,https://cdn.shopify.com/s/files/1/0559/7229/8924/files/Rimmel_520x350_131a00aa-e64e-45e5-b460-388350915b66.jpg?v=1619830099,https://cdn.shopify.com/s/files/1/0559/7229/8924/files/Rimmel_750x360_0c4113a2-defb-444c-8adf-c3497ce329d4.jpg?v=1619830099,,,,,,,,,,
287063572696,loreal-paris,MERGE,Shop For Loreal Paris Products Online In UAE | Nysaa,,,"Buy Loreal Paris collection at the best price online from Nysaa. Huge collection. Order now and avail great offers, easy returns and exchange.",,,,,,,,,,,,,,
287063802072,guess,MERGE,Shop For Guess Products Online In UAE | Nysaa,,,"Buy Guess collection at best price online from Nysaa. Huge collection. Order now and avail great offers, easy returns and exchange.",,,,,,,,,,,,,,
287064293592,max-factor,MERGE,Shop For Max Factor Products Online In UAE | Nysaa,,,"Buy Max Factor collection at best price online from Nysaa. Huge collection. Order now and avail great offers, easy returns and exchange.",,,,https://cdn.shopify.com/s/files/1/0559/7229/8924/files/Max_Factor_520x350_01411d07-b59d-409a-8713-f4b25fef0628.jpg?v=1619824826,https://cdn.shopify.com/s/files/1/0559/7229/8924/files/Max_Factor_750x360_643c46c7-8144-4a4f-ad7b-6f1bfe87ee8c.jpg?v=1619824826,https://cdn.shopify.com/s/files/1/0559/7229/8924/files/Max_Factor_375x190_7c77f25d-4456-4ecc-8e4a-711ff187d16b.jpg?v=1619824826,,,,,,,,
287064391896,grown-alchemist,MERGE,Shop For Grown Alchemist Products Online In UAE | Nysaa,,,"Buy Grown Alchemist collection at best price online from Nysaa. Huge collection. Order now and avail great offers, easy returns and exchange.",,,,https://cdn.shopify.com/s/files/1/0559/7229/8924/files/Grown_Alchemist_520x350_9dc2180e-49f0-4948-923f-726f45a0d868.jpg?v=1619822772,https://cdn.shopify.com/s/files/1/0559/7229/8924/files/Grown_Alchemist_750x360_43f0d31a-7dc9-41d7-ade7-571b5fb96791.jpg?v=1619822772,https://cdn.shopify.com/s/files/1/0559/7229/8924/files/Grown_Alchemist_375x190_d76c06e2-2783-4308-b3b5-afdca2f7c45a.jpg?v=1619822772,,,,,,,,
287064522968,roberto-cavalli,MERGE,Shop For Roberto Cavalli Products Online In UAE | Nysaa,,,"Buy Roberto cavalli collection at best price online from Nysaa. Huge collection. Order now and avail great offers, easy returns and exchange.",,,,,,,,,,,,,,
287064654040,essence,MERGE,Shop For Essence Products Online In UAE | Nysaa,,,"Buy Essence collection at the best price online from Nysaa. Huge collection. Order now and avail great offers, easy returns, and exchange.",,,,https://cdn.shopify.com/s/files/1/0559/7229/8924/files/Essence_520x350_50b48a58-2870-4d11-b9b6-4a0d098870f1.jpg?v=1619821660,https://cdn.shopify.com/s/files/1/0559/7229/8924/files/Essence_750x360_828870d0-5c86-4831-8426-4cc8a38ed512.jpg?v=1619821660,https://cdn.shopify.com/s/files/1/0559/7229/8924/files/Essence_375x190_66b28ff8-227e-4d81-9cf2-9669c22a2320.jpg?v=1619821660,,,,,,,,
287064981720,philip-kingsley,MERGE,Shop For Philip Kingsley Products Online In UAE | Nysaa,,,"Buy Philip Kingsley collection at best price online from Nysaa. Huge collection. Order now and avail great offers, easy returns and exchange.",,,,https://cdn.shopify.com/s/files/1/0559/7229/8924/files/Philip_Kingsley_520x350_db057aed-1259-438d-93ba-fe144d307e0d.jpg?v=1619828973,https://cdn.shopify.com/s/files/1/0559/7229/8924/files/Philip_Kingsley_750x360_b8dac945-b7d8-4135-9b5a-0cdef3c1c30b.jpg?v=1619828973,https://cdn.shopify.com/s/files/1/0559/7229/8924/files/Philip_Kingsley_375x190_81a85c1c-8f32-4c55-ab8d-1bcd51fc62b1.jpg?v=1619828973,,,,,,,,
287064785112,real-techniques,MERGE,Shop For Real Techniques Products Online In UAE | Nysaa,,,"Buy Real techniques collection at best price online from Nysaa. Huge collection. Order now and avail great offers, easy returns and exchange.",https://cdn.shopify.com/s/files/1/0559/7229/8924/files/Real_Techniques_375x190_286be553-8f36-4553-aa9b-428912329442.jpg?v=1619830023,,https://cdn.shopify.com/s/files/1/0559/7229/8924/files/Real_Techniques_520x350_b9830c60-df14-4141-9d5a-41f1c8551775.jpg?v=1619830022,https://cdn.shopify.com/s/files/1/0559/7229/8924/files/Real_Techniques_750x360_bd52968a-9557-4052-8283-b41bdfec4a95.jpg?v=1619830023,,,,,,,,,,
287065243864,patchology,MERGE,Shop For Patchology Products Online In UAE | Nysaa,,,"Buy Patchology collection at best price online from Nysaa. Huge collection. Order now and avail great offers, easy returns and exchange.",,,,https://cdn.shopify.com/s/files/1/0559/7229/8924/files/Patchology_520x350_6b47e652-afa9-4bdb-8918-c33bbc79539d.jpg?v=1619826423,https://cdn.shopify.com/s/files/1/0559/7229/8924/files/Patchology_750x360_386ee62f-ef83-4d5e-b6fb-859cefd151a6.jpg?v=1619826424,https://cdn.shopify.com/s/files/1/0559/7229/8924/files/Patchology_375x190_b4f65fd6-d38e-4b2c-8e3d-8d27f56dee0a.jpg?v=1619826423,,,,,,,,
287065407704,s-t-dupont,MERGE,Shop For S-T-Dupont Products Online In UAE | Nysaa,,,"Buy S-T-Dupont collection at best price online from Nysaa. Huge collection. Order now and avail great offers, easy returns and exchange.",,,,,,,,,,,,,,
287065473240,elie-saab,MERGE,Shop For Elie Saab Products Online In UAE | Nysaa,,,"Buy Elie Saab collection at best price online from Nysaa. Huge collection. Order now and avail great offers, easy returns and exchange.",,,,,,,,,,,,,,
287065571544,philipp-plien,MERGE,Shop For Philipp Plien Products Online In UAE | Nysaa,,,"Buy Philipp Plien collection at best price online from Nysaa. Huge collection. Order now and avail great offers, easy returns and exchange.",,,,,,,true,,,,,,,
287066194136,paul-mitchell,MERGE,Shop For Paul Mitchell Products Online In UAE | Nysaa,,,"Buy Paul Mitchell collection at best price online from Nysaa. Huge collection. Order now and avail great offers, easy returns and exchange.",,,,,,,,,,,,,,
287066259672,avene,MERGE,Shop For Avene Products Online In UAE | Nysaa,,,"Buy Avene collection at best price online from Nysaa. Huge collection. Order now and avail great offers, easy returns and exchange.",,,,,,,,,,,,,,
287066423512,babyliss-pro,MERGE,Shop For Babyliss Pro Products Online In UAE | Nysaa,,,"Buy Babyliss pro collection at best price online from Nysaa. Huge collection. Order now and avail great offers, easy returns and exchange.",,,,https://cdn.shopify.com/s/files/1/0559/7229/8924/files/babyliss_tablet.jpg?v=1623741383,https://cdn.shopify.com/s/files/1/0559/7229/8924/files/babyliss_desktop.jpg?v=1623741383,https://cdn.shopify.com/s/files/1/0559/7229/8924/files/babyliss_mobile.jpg?v=1623741383,,,,,,,,
287066685656,ghd,MERGE,Shop For GHD Products Online In UAE | Nysaa,,,"Buy GHD collection at best price online from Nysaa. Huge collection. Order now and avail great offers, easy returns and exchange.",,,,https://cdn.shopify.com/s/files/1/0559/7229/8924/files/GHD_tablet.jpg?v=1623741383,https://cdn.shopify.com/s/files/1/0559/7229/8924/files/GHD_desktop.jpg?v=1623741383,https://cdn.shopify.com/s/files/1/0559/7229/8924/files/GHD_mobile.jpg?v=1623741383,,,,,,,,
287067242712,makeup-revolution,MERGE,Shop For Makeup Revolution Products Online In UAE | Nysaa,,,"Buy Makeup Revolution collection at best price online from Nysaa. Huge collection. Order now and avail great offers, easy returns and exchange.",,,,,,,,,,,,,,
287067341016,chopard,MERGE,Shop For Chopard Products Online In UAE | Nysaa,,,"Buy Chopard collection at best price online from Nysaa. Huge collection. Order now and avail great offers, easy returns and exchange.",,,,,,,,,,,,,,
287469994200,k-secret,MERGE,Shop For K-Secret Products Online In UAE | Nysaa,,,"Buy K-Secret collection at best price online from Nysaa. Huge collection. Order now and avail great offers, easy returns and exchange.",,,,,,,,,,,,,,
287470158040,lador,MERGE,Shop For Lador Products Online In UAE | Nysaa,,,"Buy Lador collection at best price online from Nysaa. Huge collection. Order now and avail great offers, easy returns and exchange.",,,,,,,,,,,,,,
287471206616,dear-klairs,MERGE,Shop For Dear Klairs Products Online In UAE | Nysaa,,,"Buy Dear Klairs collection at best price online from Nysaa. Huge collection. Order now and avail great offers, easy returns and exchange.",,,,,,,,,,,,,,
287471796440,aprilskin,MERGE,Shop For Aprilskin Products Online In UAE | Nysaa,,,"Buy Aprilskin collection at best price online from Nysaa. Huge collection. Order now and avail great offers, easy returns and exchange.",,,,,,,,,,,,,,
287473500376,jayjun,MERGE,Shop For Jayjun Products Online In UAE | Nysaa,,,"Buy Jayjun collection at best price online from Nysaa. Huge collection. Order now and avail great offers, easy returns and exchange.",,,,,,,,,,,,,,
287473107160,colorwow,MERGE,Shop For Color Wow Products Online In UAE | Nysaa,,,"Buy Color Wow collection at best price online from Nysaa. Huge collection. Order now and avail great offers, easy returns and exchange.",,,,,,,,,,,,,,
379985232088,rodial,MERGE,Shop For Rodial Products Online In UAE | Nysaa,,,"Buy Rodial collection at best price online from Nysaa. Huge collection. Order now and avail great offers, easy returns and exchange.",,,,,,,,,,,,,,
382094934232,lee-stafford,MERGE,Shop For Lee Stafford Products Online In UAE | Nysaa,,,"Buy Lee Stafford collection at best price online from Nysaa. Huge collection. Order now and avail great offers, easy returns and exchange.",,,,,,,,,,,,,,
384728006872,sukin,MERGE,Shop For Sukin Products Online In UAE | Nysaa,,,"Buy Sukin collection at best price online from Nysaa. Huge collection. Order now and avail great offers, easy returns and exchange.",,,,,,,,,,,,,,
388836557016,labello,MERGE,Shop For Labello Products Online In UAE | Nysaa,,,"Buy Labello collection at best price online from Nysaa. Huge collection. Order now and avail great offers, easy returns and exchange.",,,,,,,,,,,,,,
387349676248,ajmal-perfume,MERGE,Shop For Ajmal Perfume Products Online In UAE | Nysaa,,,"Buy Ajmal perfume collection at best price online from Nysaa. Huge collection. Order now and avail great offers, easy returns and exchange.",,,,,,,,,,,,,,
392182890712,mcaffeine,MERGE,Shop Form Caffeine Products Online In UAE | Nysaa,,,"Buy Mcaffeine collection at best price online from Nysaa. Huge collection. Order now and avail great offers, easy returns and exchange.",,,,,,,,,,,,,,
394240950488,the-face-shop,MERGE,Shop For The Face Shop Products Online In UAE | Nysaa,,,"Buy The Face Shop collection at best price online from Nysaa. Huge collection. Order now and avail great offers, easy returns and exchange.",,,,,,,,,,,,,,
394241278168,belif,MERGE,Shop For Belief Products Online In UAE | Nysaa,,,"Buy Belif collection at best price online from Nysaa. Huge collection. Order now and avail great offers, easy returns and exchange.",,,,,,,,,,,,,,
396869959896,lanvin,MERGE,Shop For Lanvin Products Online In UAE | Nysaa,,,"Buy Lanvin collection at best price online from Nysaa. Huge collection. Order now and avail great offers, easy returns and exchange.",,,,,,,,,,,,,,
396869861592,nuface,MERGE,Shop For Nuface Products Online In UAE | Nysaa,,,"Buy Nuface collection at best price online from Nysaa. Huge collection. Order now and avail great offers, easy returns and exchange.",,,,,,,,,,,,,,
404520337624,makeup,MERGE,Buy Makeup Products Online In UAE | Nysaa,,,"Explore Nysaa's wide range of makeup products, from well-known brands. Shop now and elevate your beauty with Nysaa UAE. ✓ secure shopping ✓ fast shipping ✓ cash on delivery",,,,,,,,,LEVEL 1,true,1,,,
404520141016,beauty-sale,MERGE,Nysaa's Sale 2024 - Huge Discounts On Top Brands,,,Nysaa's beauty sale is live! Discover the year's biggest discounts & offers on over 100+ renowned brands on Nysaa.com. Enjoy cod convenience with easy returns.,,,,,,,,,,,,true,,
404520403160,face-primer,MERGE,Buy Face Primer Online in UAE at Best Price | Nysaa,,,"Primer - Shop for Face Primer online in UAE. Choose from a wide range of brightening, oil control, anti-pollution & other primers From Nysaa.",,,,,,,,,LEVEL 3,,,,Makeup,Face
404520370392,face,MERGE,Buy Face Makeup Products From Top Brands In UAE | Nysaa,,,"Shop the best face makeup products online at Nysaa UAE. Explore the whole collection of face foundation, concealers, primers & more at best price.",,,,,,,,,LEVEL 2,,,,Makeup,
404520468696,foundation,MERGE,Buy Foundation Online for All Skin Types in UAE | Nysaa,,,"Shop the best Foundation online for face in UAE from Nysaa. We have foundation makeup for all skin types, including dry, oily, and sensitive skin. Order Now!",,,,,,,,,LEVEL 3,,,,Makeup,Face
404520435928,concealer-correctors,MERGE,Buy Concealer & Correctors Online in UAE at Best Price | Nysaa,,,Shop for the best Concealers in UAE from Nysaa. Get great discounts on concealer from top makeup brands and enjoy free shipping & great offers.,,,,,,,,,LEVEL 3,,,,Makeup,Face
404520501464,pressed-powder,MERGE,Compact Powder - Shop Pressed Powder Online in UAE | Nysaa,,,"Discover Nysaa's Pressed Powder Collection for a flawless makeup base. Shop finely milled compact powders online for a lasting, natural finish.",,,,,,,,,LEVEL 3,,,,Makeup,Face
404520534232,blush,MERGE,Shop for Face Blush Online in UAE at Best Price | Nysaa,,,Buy face blush online at the best price from Nysaa. Choose from a wide range of cheek blushes such as pink & shimmer blush and liquid blush. Order Now!,,,,,,,,,LEVEL 3,,,,Makeup,Face
404520567000,loose-powder,MERGE,Buy Loose Setting Powder Online in UAE at Best Price | Nysaa,,,Shop for the best Loose Powders in UAE from Nysaa. Get great discounts on loose powders from top makeup brands and enjoy free shipping & great offers.,,,,,,,,,LEVEL 3,,,,Makeup,Face
404520599768,tinted-moisturizer,MERGE,Tinted Moisturizer for Face - Buy Online at Best Price| Nysaa UAE,,,Achieve a flawless look with Nysaa's tinted moisturizers. Shop online in UAE for the best face products. Explore our collection and enjoy special offers. Buy now!,,,,,,,,,LEVEL 3,,,,Makeup,Face
404520632536,bronzer,MERGE,Buy Face Bronzer Online in UAE at Best Price | Nysaa,,,Shop for the best Bronzer in UAE from Nysaa. Get great discounts on bronzers from top makeup brands and enjoy free shipping & great offers.,,,,,,,,,LEVEL 3,,,,Makeup,Face
404520665304,bb-and-cc-cream,MERGE,Buy BB And CC Cream Online in UAE at Best Price | Nysaa,,,Shop for the best BB and CC Cream in UAE from Nysaa. Get great discounts on bb and cc cream from top makeup brands and enjoy free shipping & great offers.,,,,,,,,,LEVEL 3,,,,Makeup,Face
404520730840,setting-spray,MERGE,Buy Setting Spray Online In UAE | Nysaa,,,Shop a Setting Spray online in UAE from Nysaa & enjoy all-day freshness and flawless looks. Get great discounts on setting spray's from top makeup brands. Order Now!,,,,,,,,,LEVEL 3,,,,Makeup,Face
404520698072,highlighters,MERGE,Buy Highlighters Online in UAE at Best Price| Nysaa,,,Shop for the perfect Face Highlighter online at Nysaa from leading brands. Explore the wide range of makeup highlighters with metallic & shimmer pigments. Order Now!,,,,,,,,,LEVEL 3,,,,Makeup,Face
404520763608,makeup-remover,MERGE,Shop Makeup Remover Online in UAE at Best Price | Nysaa,,,Buy Nysaa'a Face Makeup Remover online at Nysaa. Choose from our range of trusted brands for a flawless makeup removal experience. Order Now!,,,,,,,,,LEVEL 3,,,,Makeup,Face
404520796376,contour,MERGE,Buy Contour Online in UAE  at Best Price | Nysaa,,,"Looking for Face Contour online? Shop our exclusive contouring kits, palettes, sticks, and powders to sculpt and define your face. Order Now!",,,,,,,,,LEVEL 3,,,,Makeup,Face
404520829144,face-palette,MERGE,Shop for Face Palette Online in UAE | Nysaa,,,"Buy Face Palette online at Nysaa from top leading brands. Choose from a wide range of makeup palettes, including foundation, concealer, bronzer, etc.",,,,,,,,,LEVEL 3,,,,Makeup,Face
404520861912,eyes,MERGE,Buy Eye Makeup Products Online In UAE | Nysaa,,,"Shop the best Eye Makeup products online at Nysaa UAE. Complete your eye makeup look with our collection of eyes kajal, eyebrow pencil & filler powder. Buy now!",,,,,,,,,LEVEL 2,,,,Makeup,
404520894680,eyeliner,MERGE,Eyeliner - Shop Eyeliner Online in UAE at Best Price | Nysaa,,,"Shop for Eyeliners online at Nysaa UAE. Choose from pencil, liquid, or kajal eyeliners for long-lasting, smudge-proof eye looks. Avail for great deals and offers!",,,,,,,,,LEVEL 3,,,,Makeup,Eyes
404520927448,mascara,MERGE,Mascara - Shop Mascara Online in UAE at Best Price | Nysaa,,,Buy Mascara online at competitive prices from Nysaa's top brands. We have a range of mascaras & more. Order Now!,,,,,,,,,LEVEL 3,,,,Makeup,Eyes
404520960216,eyeshadow,MERGE,Eyeshadow - Shop Online in UAE at Best Price | Nysaa,,,Buy Eyeshadow online in UAE from Nysaa's top brands. Explore vibrant palettes and liquid eyeshadow for captivating eye looks. Order Now!,,,,,,,,,LEVEL 3,,,,Makeup,Eyes
404520992984,under-eye-concealer,MERGE,Under Eye Concealer - Shop Online at Nysaa UAE | Buy Now,,,"Bid farewell to dark circles with Nysaa's under-eye concealer. Buy online for the perfect look. Discover exclusive offers, shop now, and enjoy fast delivery.",,,,,,,,,LEVEL 3,,,,Makeup,Eyes
404521058520,eyes-makeup-remover,MERGE,Shop Eye Makeup Remover Online in UAE at Best Price | Nysaa,,,Buy Eye Makeup Remover online at Nysaa. Choose from our range of trusted brands for a flawless eye makeup removal experience. Order Now!,,,,,,,,,LEVEL 3,,,,Makeup,Eyes
404521025752,false-lashes,MERGE,Shop False Eyelashes Online in UAE at Best Price | Nysaa,,,Are you looking for False Eyelashes online? Explore our best-selling false lashes from top brands. Buy now at competitive prices.,,,,,,,,,LEVEL 3,,,,Makeup,Eyes
404521124056,eye-primer,MERGE,Eye Primer - Shop Online in UAE at Best Price | Nysaa,,,Looking for an Eye Primer online? Explore our best-selling eye primer from top brands. Buy now at competitive prices.,,,,,,,,,LEVEL 3,,,,Makeup,Eyes
404521091288,eye-pencils,MERGE,Shop Eyeliner Pencils Online in UAE at Best Price | Nysaa,,,Are you looking for Eyeliner Pencils online? Explore our best-selling eye pencils from top brands. Buy now at competitive prices.,,,,,,,,,LEVEL 3,,,,Makeup,Eyes
404521189592,lips,MERGE,Buy Lip Makeup Products Online In UAE | Nysaa,,,"Shop the best Makeup products online at Nysaa UAE. Explore our collection of lipsticks, lip liners and lip gloss. Buy now!",,,,,,,,,LEVEL 2,,,,Makeup,
404521255128,liquid-lipstick,MERGE,Shop Liquid Lipstick Online in UAE at Best Price | Nysaa,,,"Shop for Liquid Lipsticks online at the best prices from Nysaa. Choose liquid lipsticks in shades like red, pink, nude, maroon & many more!",,,,,,,,,LEVEL 3,,,,Makeup,Lips
404521222360,lipstick,MERGE,Lipstick - Buy Lipstick Online in UAE at Best Price | Nysaa,,,"Shop Lipsticks online in UAE from Nysaa's top brands. Choose matte lipsticks in shades like red, pink, nude, maroon & many more!",,,,,,,,,LEVEL 3,,,,Makeup,Lips
404521320664,lip-gloss,MERGE,Shop Lip Glosses Online in UAE at Best Price | Nysaa,,,Looking for Lip Gloss online? Explore our best-selling lip gloss from top brands. Buy now at great prices.,,,,,,,,,LEVEL 3,,,,Makeup,Lips
404521287896,lip-crayon,MERGE,Buy Crayon Lipstick Online in UAE at Best Price | Nysaa,,,Shop Lip Crayons online in UAE. Our crayon lipsticks come in stunning shades that suit your personality. Free returns are available.,,,,,,,,,LEVEL 3,,,,Makeup,Lips
404521353432,lip-liner,MERGE,Buy Lip Liner Online in UAE at Best Prices | Nysaa,,,Shop Lip Liners from top-rated brands at great deals only on Nysaa. Our widest collection of lip liners comes in stunning shades that suit your personality.,,,,,,,,,LEVEL 3,,,,Makeup,Lips
404521386200,lip-plumper,MERGE,Lip Plumper - Buy Lip Plumper Online in UAE at Best Price | Nysaa,,,Discover our collection of lip plumpers at Nysaa UAE. Shop online now & get your order in 1-2 business days. Free returns are available.,,,,,,,,,LEVEL 3,,,,Makeup,Lips
404521418968,lip-stain,MERGE,Buy Lip Stain Online in UAE at Best Price| Nysaa,,,Explore the best Lip Stains online at Nysaa UAE. Buy from a range of lip stain shades to find your perfect colour online. Order now!,,,,,,,,,LEVEL 3,,,,Makeup,Lips
404521517272,tools-and-brushes,MERGE,Shop Makeup Tools & Brushes Online In UAE | Nysaa,,,"Buy Makeup Tools & Brushes at the best price online from Nysaa. Huge collection. Order now and avail great offers, easy returns, and exchange.",,,,,,,,,LEVEL 2,,,,Makeup,
404521484504,lip-oil,MERGE,Lip Oil - Buy Lip Oil Online in UAE at Best Price | Nysaa,,,Discover our collection of Lip Oil at Nysaa UAE online. Enhance your natural beauty with this nourishing and hydrating lip product. Shop now!,,,,,,,,,LEVEL 3,,,,Makeup,Lips
404521550040,face-brush,MERGE,"Shop Face Brush Online In Dubai, UAE | Nysaa",,,Buy Face Brush online: browse through a wide range of face brushes from multiple brands at Nysaa with great discounts & offers. Visit now!,,,,,,,,,LEVEL 3,,,,Makeup,Tools and Brushes
404521451736,lip-primer,MERGE,Buy Lip Primer Online in UAE at Best Price| Nysaa,,,Discover our collection of Lip Primers online at Nysaa UAE. Enhance your natural beauty with this nourishing and hydrating lip product. Shop now!,,,,,,,,,LEVEL 3,,,,Makeup,Lips
404521615576,lip-brush,MERGE,Buy Lip Brush Online in UAE at Best Price| Nysaa,,,Discover our collection of lip brushes at Nysaa UAE. Shop online now & get your order in 1-2 business days. Free returns are available.,,,,,,,,,LEVEL 3,,,,Makeup,Tools and Brushes
404521582808,eye-brush,MERGE,Shop Eye Brush Online In UAE | Nysaa,,,Buy Eye Brush online: browse through a wide range of eye brushes from multiple brands at Nysaa with great discounts & offers. Visit now!,,,,,,,,,LEVEL 3,,,,Makeup,Tools and Brushes
404521648344,brush-sets,MERGE,Shop Brush Sets Online In UAE | Nysaa,,,Buy Face Brush Sets online: browse through a wide range of face brush sets from multiple brands at Nysaa with great discounts & offers. Visit now!,,,,,,,,,LEVEL 3,,,,Makeup,Tools and Brushes
404521681112,sponges-and-applicators,MERGE,"Shop Sponges And Applicators Online In Dubai, UAE | Nysaa",,,Looking for Sponges & Applicators online? Browse through a wide range of sponges & applicators from multiple brands at Nysaa. Buy now at competitive prices.,,,,,,,,,LEVEL 3,,,,Makeup,Tools and Brushes
404521713880,eyelash-curlers,MERGE,Buy Eyelash Curlers Online in UAE at Best Price | Nysaa,,,"Looking for eyelash curlers online? Shop our exclusive collection of eyelash curlers on Nysaa UAE, ✓ Fast Delivery ✓ Free Returns.",,,,,,,,,LEVEL 3,,,,Makeup,Tools and Brushes
404521746648,tweezers,MERGE,Professional Tweezers - Buy Makeup Tools Online at Nysaa UAE,,,Nysaa offers a range of professional tweezers for precise grooming. Buy makeup tools online in UAE. Shop now for quality tweezers at competitive prices.,,,,,,,,,LEVEL 3,,,,Makeup,Tools and Brushes
404521779416,sharpeners,MERGE,Makeup Pencil Sharpeners - Shop Online in UAE | Nysaa,,,"Explore Nysaa's collection of makeup pencil sharpeners. Buy online in UAE, and enjoy great prices on high-quality sharpeners. Discover exclusive offers now!",,,,,,,,,LEVEL 3,,,,Makeup,Tools and Brushes
404521877720,brush-cleaners,MERGE,Shop for Brush Cleaners Online in UAE | Nysaa,,,"Buy the latest collection of makeup brush cleaners online in Dubai, UAE, at the best price. Order now and avail yourself of great offers and easy returns.",,,,,,,,,LEVEL 3,,,,Makeup,Tools and Brushes
404521943256,nail-polish,MERGE,"Buy Nail Polish Online in Dubai, UAE | Nysaa",,,Shop online for nail polish at Nysaa. Choose the most desirable nail polish in UAE from our beauty store at the best prices. Order Now!,,,,,,,,,LEVEL 3,,,,Makeup,Nails
404522107096,makeup-kits,MERGE,Buy Makeup Kits Online in UAE at Best Price | Nysaa,,,"Explore our wide selection of makeup kits, including eye, lip, skin, or face makeup. Shop now and avail yourself of great offers and easy returns.",,,,,,,,,LEVEL 3,,,,Makeup,Makeup Kits & Combos
404522139864,makeup-combos,MERGE,Buy Makeup Combos Online in UAE at Best Price | Nysaa,,,"Looking for makeup combos to gift your partner? Check out Nysaa's stunning range of makeup combos, including eye, lip, skin, or face makeup. Shop Now!",,,,,,,,,LEVEL 3,,,,Makeup,Makeup Kits & Combos
404522303704,brow-gel,MERGE,Shop for Brow Gel Online in UAE | Nysaa,,,Buy brow gel online on Nysaa.com at the best prices. Get Huge Discounts. ✓ Fast and free shipping ✓ free returns ✓ cash on delivery,,,,,,,,,LEVEL 3,,,,Makeup,Brows
404522270936,brow-pencils-powder,MERGE,Shop Brow Pencils Powder Online In UAE | Nysaa,,,Buy Brow Pencils online: browse through a wide range of brow pencils from multiple brands at Nysaa with great discounts & offers. Cod available!,,,,,,,,,LEVEL 3,,,,Makeup,Brows
404522238168,brows,MERGE,"Shop Brows Online In Dubai, UAE | Nysaa",,,Buy Brows online: browse through a wide range of brows products from multiple brands at Nysaa with great discounts & offers. Easy returns and exchanges.,,,,,,,,,LEVEL 2,,,,Makeup,
404522336472,brow-mascara,MERGE,Shop for Brow Mascara Online in UAE | Nysaa,,,Buy brow mascara online on Nysaa.com at the best prices. Get Huge Discounts. ✓ Fast and free shipping ✓ free returns ✓ cash on delivery,,,,,,,,,LEVEL 3,,,,Makeup,Brows
404522369240,brow-kits,MERGE,Shop for Brow Kits Online in UAE | Nysaa,,,Buy brow kits online on Nysaa.com at the best prices. Get Huge Discounts. ✓ Fast and free shipping ✓ free returns ✓ cash on delivery,,,,,,,,,LEVEL 3,,,,Makeup,Brows
404522565848,night-cream,MERGE,Shop Night Cream Online In UAE | Nysaa,,,Buy Night Cream online: shop from 1000+ options and select the one which suits your skin the most.,,,,,,,,,LEVEL 3,,,,Skincare,Moisturizers
404522500312,moisturizers,MERGE,Shop Moisturizers Online At Best Price In UAE | Nysaa,اشتري منتجات العناية بالبشرة عبر الإنترنت في الإمارات العربية المتحدة | نساء,هل تبحثين عن أفضل منتجات العناية بالبشرة عبر الإنترنت في الإمارات العربية المتحدة؟ تصفّحي مجموعتنا الواسعة من منتجات العناية بالبشرة مثل غسول الوجه وسيروم الوجه وأقنعة الوجه والمزيد من نساء. اشتري الآن!,Buy Moisturizer online: shop from 1000+ options and select the one which suits your skin the most.,,,,,,,,,LEVEL 2,,,,Skincare,
404522467544,skincare,MERGE,Buy Skin Care Products Online In UAE | Nysaa,عطور الهدايا من نساء| هدايا العطور المثالية | الإمارات العربية المتحدة,اعثر على الهدية المثالية مع تشكلية عطور نساء الراقية. تقدم مجموعتنا المختارة أفضل الروائح العطرية لكل مناسبة. تسوق الآن واستمتع بشحن مجاني في جميع أنحاء الإمارات العربية المتحدة.,"Looking for Skincare Products online in UAE? Browse our wide range of skincare products such as face wash, face serums, facemask & more from Nysaa. Buy now!",,,,,,,,,LEVEL 1,true,2,,,
404522533080,face-moisturizer-day-cream,MERGE,Shop Face Moisturizer Day Cream Online In UAE | Nysaa,تسوقي أجود مرطبات البشرة عبر الإنترنت بأفضل الأسعار في الإمارات العربية المتحدة | نساء,تسوقي أفضل منتجات ترطيب البشرة عبر الإنترنت من نساء. اختاري من بين أجود أنواع مرطبات البشرة واحصلي على ما يناسب جميع أنواع البشرة. اطلبيها الآن!,Buy Face Moisturizer Day Cream online: shop from 1000+ options and select the one which suits your skin the most.,,,,,,,,,LEVEL 3,,,,Skincare,Moisturizers
404522598616,face-oils,MERGE,Shop Face Oils Online In UAE | Nysaa,اشتري منتجات الوقاية من الشمس للجسم عبر الإنترنت في الإمارات العربية المتحدة على نساء,احمي بشرتك باستخدام واقيات الشمس من نساء. تسوقي الآن للحصول على واقيات شمسية عالية الجودة عبر الإنترنت بأسعار مغرية. لا تفوّتي عروضنا!,Buy Face Oils online: shop from 1000+ options and select the one which suits your skin the most.,,,,,,,,,LEVEL 3,,,,Skincare,Moisturizers
404522631384,treatments,MERGE,Shop For Top Rated Specialised Skincare Online | Nysaa UAE,تسوقي زيوت الوجه عبر الإنترنت في الإمارات العربية المتحدة بأفضل الأسعار | نساء,اشتري زيوت الوجه الفاخرة من نساء عبر الإنترنت للحصول على ترطيب عميق وإشراقة متألقة. اطلبي زيوت الوجه الآن للحصول على بشرة متوهجة.,Buy the best Specialised Skincare from Nysaa with best prices. Our extensive range of Specialised Skincare products suitable to all skin types! Order Now.,,,,,,,,,LEVEL 2,,,,Skincare,
404522664152,face-serums,MERGE,Shop Face Serums Online In UAE | Nysaa,,,Buy Face Cream Online: Shop from 1000+ options and select the one which suits your skin the most.,,,,,,,,,LEVEL 3,,,,Skincare,Treatments
404522696920,blemish-acne-treatments,MERGE,Shop Blemish Acne Control Kit Online In UAE | Nysaa,,,Buy Blemish Acne Control Kit Online: Shop from 1000+ options and select the one which suits your skin the most.,,,,,,,,,LEVEL 3,,,,Skincare,Treatments
404522729688,cleansers,MERGE,"Buy Cleansers Online In Dubai, UAE | Nysaa",,,Revitalize your skin with Nysaa's Cleansers. Shop online for the best prices and experience a radiant transformation for all skin types.,,,,,,,,,LEVEL 2,,,,Skincare,
404522827992,micellar-water,MERGE,Shop Micellar Water Online In UAE | Nysaa,,,Elevate your cleansing routine! Shop Nysaa's Micellar Water online in UAE at the best prices. Refresh your skin effortlessly. Buy now!,,,,,,,,,LEVEL 3,,,,Skincare,Cleansers
404522762456,face-wash-cleanser,MERGE,Buy Face Wash Cleanser Online In UAE | Nysaa,,,Shop Nysaa's Facewash Cleansers at the best prices online in UAE. Elevate your skincare with a fresh and radiant glow. Buy now!,,,,,,,,,LEVEL 3,,,,Skincare,Cleansers
404522795224,cleansing-oils-balm,MERGE,Buy Cleansing Oils Balm Online In UAE | Nysaa,,,Discover the luxurious cleansing experience with Nysaa. Shop Cleansing Oil Balm online in UAE at unbeatable prices. Elevate your skincare routine. Buy now!,,,,,,,,,LEVEL 3,,,,Skincare,Cleansers
404522860760,face-wipes,MERGE,Shop Face Wipes Online In UAE | Nysaa,,,"Experience convenience and freshness! Shop Nysaa's Face Wipes online in UAE at the best prices. Quick, easy, and effective skincare. Buy now!",,,,,,,,,LEVEL 3,,,,Skincare,Cleansers
404522959064,masks,MERGE,Buy Mask Online In UAE | Nysaa,,,Looking for Face Masks online in UAE at unbeatable prices? Buy now Nysaa's face mask for a fresh and glowing complexion!,,,,,,,,,LEVEL 2,,,,Skincare,
404522926296,scrubs-exfoliators,MERGE,Shop Scrubs Exfoliators Online In UAE | Nysaa,,,Revitalize your skin with Nysaa's Scrubs and Exfoliators online in UAE at the best prices. Elevate your skincare routine. Buy now for a radiant glow!,,,,,,,,,LEVEL 3,,,,Skincare,Cleansers
404522991832,sheet-masks,MERGE,Shop Sheet Masks Online In UAE | Nysaa,,,Transform your skin with Nysaa's Sheet Masks online in UAE at unbeatable prices. Elevate your glow. Buy now!,,,,,,,,,LEVEL 3,,,,Skincare,Masks
404523057368,masks-peels,MERGE,Shop Masks Peels Online In UAE | Nysaa,,,Reveal radiant skin! Shop Nysaa's Masks And Peels online in UAE at unbeatable prices and elevate your glow. Buy now!,,,,,,,,,LEVEL 3,,,,Skincare,Masks
404523090136,face-packs,MERGE,Shop Face Packs Online In UAE | Nysaa,,,Elevate your skincare ritual with Nysaa's Face Packs online in UAE at the best prices. Rejuvenate your skin. Shop now for a fresh glow!,,,,,,,,,LEVEL 3,,,,Skincare,Masks
404523024600,sleeping-masks,MERGE,Shop Sleeping Masks Online In UAE | Nysaa,,,Revitalize while you sleep! Shop Nysaa's Sleeping Masks online in UAE at the best prices. Wake up to radiant skin. Buy now!,,,,,,,,,LEVEL 3,,,,Skincare,Masks
404523221208,rose-water,MERGE,Buy Rose Water Online in UAE | Nysaa,,,Refresh with Nysaa's rose water toners. Hydrate and revitalize for a radiant glow. Shop online in UAE for natural skincare at affordable prices.,,,,,,,,,LEVEL 3,,,,Skincare,Toners
404523122904,eye-masks,MERGE,Shop Eye Masks Online In UAE | Nysaa,,,"Revitalize your eyes from Nysaa's Eye Masks online in UAE. Discover a brighter, refreshed look. Buy now for a rejuvenating experience!",,,,,,,,,LEVEL 3,,,,Skincare,Masks
404523188440,toners-mists,MERGE,Shop Toners Mists Online In UAE | Nysaa,,,Experience a burst of freshness from Nysaa's toner mists online in UAE and elevate your skincare routine. Buy now for a revitalizing glow!,,,,,,,,,LEVEL 3,,,,Skincare,Toners
404523155672,toners,MERGE,Buy Toners Online In UAE | Nysaa,,,Unveil a radiant complexion from Nysaa's skin toners online in UAE and elevate your skincare routine. Buy now for a refreshing glow!,,,,,,,,,LEVEL 2,,,,Skincare,
404523352280,massage-oils,MERGE,Shop Massage Oils Online In UAE | Nysaa,,,Relax and rejuvenate from Nysaa's massage oils online in UAE and elevate your self-care routine. Buy now for a soothing experience.,,,,,,,,,LEVEL 3,,,,Skincare,Body Care
404523286744,lotions-creams,MERGE,Shop Lotions Creams Online In UAE | Nysaa,,,Nourish your skin with luxury from Nysaa's lotions and creams online in UAE and elevate your skincare routine. Buy now for a soft and radiant glow!,,,,,,,,,LEVEL 3,,,,Skincare,Body Care
404523253976,body-care,MERGE,Shop Body Care Products Online In UAE | Nysaa,,,Indulge in luxurious body care from Nysaa's online collection of body care products in UAE at the best prices. Elevate your self-care routine. Buy now!,,,,,,,,,LEVEL 2,,,,Skincare,
404523450584,bath-scrubs,MERGE,Shop Bath Scrubs Online In UAE | Nysaa,,,Revitalize your bath time from Nysaa's bath scrubs online in UAE and your self-care routine. Buy now for a luxurious and exfoliating experience!,,,,,,,,,LEVEL 3,,,,Skincare,Body Care
404523417816,soaps,MERGE,Shop Soaps Online In UAE | Nysaa,,,Pamper your skin with indulgence by shopping Nysaa's body soaps online in UAE. Elevate your bathing experience. Buy now for a refreshing cleanse!,,,,,,,,,LEVEL 3,,,,Skincare,Body Care
404523614424,hand-creams,MERGE,Shop Hand Creams Online In UAE | Nysaa,,,Nourish your hands with care from Nysaa's hand creams online in UAE and elevate your skincare routine. Buy now for soft and beautiful hands!,,,,,,,,,LEVEL 3,,,,Skincare,Hands & Feet
404523548888,scrubs-loofahs,MERGE,Buy Scrubs & Loofahs Online in UAE | Nysaa,,,Indulge in Nysaa's body scrubs and loofahs for a spa-like experience. Pamper your skin with luxury. Shop online in UAE for the best prices.,,,,,,,,,LEVEL 3,,,,Skincare,Body Care
404523581656,hands-feet,MERGE,Shop Hands & Feet Care Products Online In UAE | Nysaa,,,Treat your hands and feet with Nysaa's products online in UAE at the best prices. Elevate your self-care. Buy now for beautiful results!,,,,,,,,,LEVEL 2,,,,Skincare,
404523647192,foot-creams,MERGE,Buy Foot Creams Online in UAE | Nysaa,,,Indulge in Nysaa's foot creams for rejuvenated feet. Shop online in UAE for self-care luxury at the best prices.,,,,,,,,,LEVEL 3,,,,Skincare,Hands & Feet
404523745496,under-eye-cream-serums,MERGE,Shop Under Eye Cream Serums Online In UAE | Nysaa,,,"Transform tired eyes by exploring Nysaa's collection of under-eye cream serums online in UAE, offering the best prices. Shop now for a refreshed and revitalized look!",,,,,,,,,LEVEL 3,,,,Skincare,Eye Care
404523679960,hand-foot-masks,MERGE,Shop Hand Foot Masks Online In UAE | Nysaa,,,Indulge in self-care for your hands and feet by exploring Nysaa's range of masks online in UAE to enhance your pampering routine. Shop now for soft and revitalized skin!,,,,,,,,,LEVEL 3,,,,Skincare,Hands & Feet
404523712728,eye-care,MERGE,Buy Eye Care Products Online In UAE | Nysaa,,,"Enhance your eye care regimen! Explore Nysaa's range of online eye care products in UAE, available at the best prices. Shop now for revitalized and brighter eyes!",,,,,,,,,LEVEL 2,,,,Skincare,
404523778264,eye-masks-1,MERGE,Shop Eye Masks Online In UAE | Nysaa,,,Refresh tired eyes from Nysaa's eye masks online in UAE at the best prices for a rejuvenated look. Elevate your eye care routine now!,,,,,,,,,LEVEL 3,,,,Skincare,Eye Care
404523843800,lip-balm,MERGE,Shop Lip Balm Online In UAE | Nysaa,,,Nourish your lips with Nysaa! Shop lip balm online in UAE and enhance your lip care routine. Buy now for soft and hydrated lips!,,,,,,,,,LEVEL 3,,,,Skincare,Lip Care
404523876568,lip-scrubs,MERGE,Shop Lip Scrubs Online In UAE | Nysaa,,,Revitalize your lips and explore Nysaa's lip scrubs online in UAE by enhancing your lip care routine. Shop now for soft and smooth lips!,,,,,,,,,LEVEL 3,,,,Skincare,Lip Care
404523811032,lip-care,MERGE,Buy Lip Care Products Online In UAE | Nysaa,,,Pamper your lips with care! Explore Nysaa's online lip care products in UAE at the best prices. Shop now for soft and nourished lips!,,,,,,,,,LEVEL 2,,,,Skincare,
404523909336,lip-masks,MERGE,Shop Lip Masks Online at Best Prices in UAE | Nysaa,,,"Revitalize with Nysaa's hydrating lip masks. Experience the luxury of soft, supple lips. Buy online for the best lip care in UAE.",,,,,,,,,LEVEL 3,,,,Skincare,Lip Care
404523974872,face-sunscreen,MERGE,Shop Face Sunscreen Online In UAE | Nysaa,,,Defend your glow from Nysaa's face sunscreen online in UAE and enhance your sun protection game. Buy now for radiant and protected skin!,,,,,,,,,LEVEL 3,,,,Skincare,Sun Care
404524007640,body-sunscreen,MERGE,Buy Body Sunscreen Products Online in UAE at Nysaa,اشتري مستحضرات ومنتجات التجميل عبر الإنترنت في الإمارات العربية المتحدة بأفضل الأسعار | نساء,تسوقي أفضل مستحضرات التجميل ومنتجات التجميل عبر الإنترنت من نساء، متجر الجمال الإلكتروني. تصفحي مستحضرات التجميل ومنتجات العناية بالبشرة والشعر والمزيد من أفضل العلامات التجارية في مجال التجميل.,Protect your skin with Nysaa's body sunscreen. Shop now for quality sun care products at attractive prices. Don't miss out on our offers!,,,,,,,,,LEVEL 3,,,,Skincare,Sun Care
404523942104,sun-care,MERGE,Buy Sun Care Products Online In UAE | Nysaa,,,Protect your skin with Nysaa's sun care products online in UAE at the best prices. Elevate your skincare routine. Buy now for a radiant and shielded complexion!,,,,,,,,,LEVEL 2,,,,Skincare,
404524040408,kits-combos,MERGE,Shop Skin Care Kits & Combos Online At Best Prices In UAE | Nysaa,,,Transform your skin with Nysaa's skincare kits & combos! Shop online in UAE for the best prices. Elevate your skincare routine. Buy now!,,,,,,,,,LEVEL 2,,,,Skincare,
404524105944,combos-nysaa,MERGE,Shop Skin Care Combos Online At Best Prices In UAE | Nysaa,,,Discover skin perfection with Nysaa's Combos! Buy skincare combos online at the best prices in UAE by elevating your skincare routine. Shop now!,,,,,,,,,LEVEL 3,,,,Skincare,Kits & Combos
404524138712,gift-sets,MERGE,Buy Skin Care Giftsets Online At Best Prices In UAE | Nysaa,,,Elevate gifting with Nysaa's Skin Care Gift Sets! Buy online at the best prices in the UAE. Give the gift of radiant skin. Shop now!,,,,,,,,,LEVEL 3,,,,Skincare,Kits & Combos
404524073176,facial-kits,MERGE,Buy Facial Kits & Combos Online in UAE | Nysaa,,,Transform your routine with Nysaa's facial kits. Unlock flawless skin with exclusive online offers in UAE. Elevate your beauty regimen.,,,,,,,,,LEVEL 3,,,,Skincare,Kits & Combos
404524237016,cleansing-brushes,MERGE,Cleansing Brushes Online at Nysaa UAE | Shop Now,,,"Elevate your skincare routine with Nysaa's cleansing brushes. Buy skincare tools online in UAE, and enjoy the benefits of quality cleansing. Shop now!",,,,,,,,,LEVEL 3,,,,Skincare,Skin Tools
404524204248,face-massagers,MERGE,Buy Face Massagers Online in UAE | Nysaa,,,Revitalize your skincare with Nysaa's face massagers. Shop online for a radiant glow at the best prices in UAE.,,,,,,,,,LEVEL 3,,,,Skincare,Skin Tools
404524302552,rollers-gua-sha,MERGE,Buy Rollers & Gua sha Tools Online in UAE | Nysaa,,,Elevate skincare with Nysaa's facial rollers and Gua Sha tools. Relax and rejuvenate at the best prices. Shop online for ultimate self-care.,,,,,,,,,LEVEL 3,,,,Skincare,Skin Tools
404524335320,dermarollers,MERGE,Shop Online for Dermarollers in UAE | Nysaa,,,"Enhance your skincare routine with Nysaa's derma rollers. Buy now in Dubai, UAE, and enjoy hassle-free shipping.",,,,,,,,,LEVEL 3,,,,Skincare,Skin Tools
404525220056,hair,MERGE,"Buy Hair Products Online At Best Prices On Nysaa, UAE",,,"Discover a range of hair care products at Nysaa, UAE. Shop for shampoos, conditioners, styling tools, and more for healthy hair.",,,,,,,,,LEVEL 1,true,3,,,
404525285592,hair-care,MERGE,"Buy Complete Hair Care Solutions On Nysaa, UAE & Get Great Deals",,,"Nourish your hair with hair care products from popular brands. Shop online for shampoos, oils, serums, and more for strong, vibrant hair.",,,,,,,,,LEVEL 2,,,,Hair,
404525318360,shampoo,MERGE,Buy Gentle & Effective Shampoos At Best Prices - Nysaa UAE,,,Choose from a wide selection of shampoos at Nysaa UAE. Specially formulated for all hair types to cleanse and refresh. Shop online now and avail great offers,,,,,,,,,LEVEL 3,,,,Hair,Hair Care
404525416664,hair-oil,MERGE,"Buy Nourishing Hair Oils Online At Nysaa, UAE For Radiant Hair",,,Revitalize your hair with hair oils available on Nysaa. Select and shop from a variety of oils to strengthen and add luster to your hair. Avail the best offers.,,,,,,,,,LEVEL 3,,,,Hair,Hair Care
404525351128,dry-shampoo,MERGE,Buy Dry Shampoo Online in UAE | Nysaa,,,"Refresh your locks instantly with Nysaa's premium dry shampoo, the perfect solution for on-the-go hair care in UAE. Shop online at the best prices.",,,,,,,,,LEVEL 3,,,,Hair,Hair Care
404525383896,conditioner,MERGE,"Buy Hair Conditioners Online For Soft Hair | Nysaa, UAE",,,Shop for the perfect hair conditioner online at Nysaa UAE. Enhance your hair's health and shine with our range of nourishing conditioners.,,,,,,,,,LEVEL 3,,,,Hair,Hair Care
404525449432,hair-serum,MERGE,"Buy Smooth & Silky Hair Serums Online At Nysaa, UAE",,,"Tame frizz and add shine with hair serums from Nysaa, UAE. Shop our collection for sleek, manageable hair. Get amazing deals and discounts.",,,,,,,,,LEVEL 3,,,,Hair,Hair Care
404525482200,hair-creams-and-masks,MERGE,"Buy Hair Creams & Masks Online At Nysaa | Dubai, UAE",,,"Deeply nourish your hair with creams and masks from Nysaa, UAE. Shop online and experience intense hydration and repair for healthy hair. Great discounts!",,,,,,,,,LEVEL 3,,,,Hair,Hair Care
404525613272,hair-styling,MERGE,"Buy Hair Styling Products At Nysaa, UAE & Get A Chic Look",,,"Style your hair with ease using styling products from Nysaa, UAE. Shop online for gels, sprays, mousses, and more for your perfect hairstyle. Find the best prices!",,,,,,,,,LEVEL 2,,,,Hair,
404525646040,hair-color,MERGE,Shop Online Hair Coloring Products in UAE | Nysaa,,,Transform your look with Nysaa's vibrant hair colors. Express yourself with confidence. Shop online for premium hair color at the best prices.,,,,,,,,,LEVEL 3,,,,Hair,Hair Styling
404525678808,hair-spray,MERGE,"Buy Long-Lasting Hair Sprays Online At Nysaa, UAE",,,Set your style with a wide range of hair sprays at Nysaa. Offering hold and flexibility for all-day perfection. Shop hair sprays online today at the best price.,,,,,,,,,LEVEL 3,,,,Hair,Hair Styling
404525711576,gels-and-waxes,MERGE,"Buy Hair Gels & Waxes Online At Nysaa | Dubai, UAE",,,Sculpt your look with hair gels and waxes from Nysaa. Ideal for all hair types to create versatile styles. Shop now to get amazing deals and offers.,,,,,,,,,LEVEL 3,,,,Hair,Hair Styling
404525842648,hair-brushes,MERGE,"Buy Hair Brushes For Every Style Online At Nysaa, UAE",,,"Find the perfect hairbrush at Nysaa. Shop from the wide range of brushes for detangling, styling, and grooming your hair. Find the best price online!",,,,,,,,,LEVEL 3,,,,Hair,Tools and Accessories
404525809880,tools-and-accessories,MERGE,"Buy Hair Styling Tools & Accessories Online At Nysaa, UAE",,,"Equip yourself with the best hair styling tools and accessories at Nysaa. Shop brushes, straighteners, curlers, and more online today at great prices.",,,,,,,,,LEVEL 2,,,,Hair,
404525777112,hair-mousses-creams,MERGE,"Buy Hair Mousses & Creams At Nysaa | Dubai, UAE",,,Achieve voluminous and defined styles with hair mousses and creams from Nysaa. Easy to apply for a natural finish. Shop online today at unbelievable prices.,,,,,,,,,LEVEL 3,,,,Hair,Hair Styling
404526072024,hair-accessories,MERGE,Shop for Hair Accessories Collection Online in UAE | Nysaa,,,Accessorize your hair with Nysaa's stylish tools. Elevate your hair game with the latest trends. Shop online in UAE for the best prices.,,,,,,,,,LEVEL 3,,,,Hair,Tools and Accessories
404526956760,women,MERGE,"Buy Women's Fragrances Online At Nysaa, UAE",,,"Discover women's fragrances online at Nysaa in the UAE. Shop online for EDPs, EDTs, and body mists crafted for the modern woman by the popular brands. Get the best deals and offers.",,,,,,,,,LEVEL 2,,,,Fragrance,
404526989528,perfumes-edt-edp,MERGE,"Buy Women's Perfumes EDT/EDP Online At Nysaa | Dubai, UAE",اشتري ارقى  تشكيلة من العطور النسائية عبر الإنترنت في الإمارات العربية المتحدة بأفضل الأسعار | نساء,اكتشفي سحر العطور النسائية عبر الإنترنت في نساء الإمارات . تسوقي عبر الإنترنت أفضل تشكيلة من العطور وماء التواليت ومزيلات العرق ومعطرات الجسم المصنوعة للنساء من أشهر العلامات التجارية. استمتعي بأفضل الصفقات والعروض.,Indulge in women's EDTs and EDPs online at Nysaa. Select from luxurious fragrances online to enhance your personal style. Shop online today and get amazing deals,,,,,,,,,LEVEL 3,,,,Fragrance,Women
404526923992,fragrance,MERGE,Offers On Fragrances At Nysaa,,,Enjoy amazing discounts on a wide collection of fragrances/perfumes online in the UAE at Nysaa.com. Free returns. Cash on delivery.,,,,,,,,,LEVEL 1,true,4,,,
404527022296,body-mist-spray,MERGE,"Buy Body Mist Sprays Online At Nysaa, UAE For Refreshing Scents",اشتري أفضل تشكيلة من العطور النسائية عبر الإنترنت بأفضل الأسعار في الإمارات العربية المتحدة | نساء,انغمسي في سحر العطور النسائية عبر الإنترنت مع نساء. اختاري من بين تشكيلة متنوعة من أفخر العطور وماء التواليت عبر الإنترنت وارتقي بذوقك الشخصي. تسوقي عبر الإنترنت اليوم واستمتعي بعروض مذهلة.,"Refresh yourself with delightful body mist sprays online at Nysaa. Perfect for a light, fragrant touch throughout the day. Shop now and choose from popular brands",,,,,,,,,LEVEL 3,,,,Fragrance,Women
404527087832,hair-mist,MERGE,"Buy Hair Mist Online At Nysaa | Dubai, UAE",اشتري مزيلات العرق والرول اونز للنساء عبر الإنترنت بأفضل الأسعار | نساء الإمارات ,حافظي على انتعاشك طوال اليوم مع مزيلات العرق والرول اونز. تسوقي عبر الإنترنت مع نساء للحصول على منتجات عطرية فعالة وطويلة الأمد. اختاري الأفضل من بين أرقى منتجات أشهر العلامات التجارية.,"Add a scentful touch to your hair with hair mists online at Nysaa. Perfect for a subtle, lasting fragrance on your locks. Shop hair mists online today.",,,,,,,,,LEVEL 3,,,,Fragrance,Women
404527055064,deodorants-roll-ons,MERGE,"Buy Deodorants & Roll-Ons Online Nysaa, UAE And Stay Fresh",اشتري أفضل معطرات الجسم ومزيلات العرق للنساء عبر الإنترنت في الإمارات العربية المتحدة بأفضل الأسعار | نساء,جددي نشاطك مع مزيلات العرق المنعشة عبر الإنترنت مع نساء. مثالية لإضفاء لمسة خفيفة ورائحة عطرة على مدار اليوم. تسوقي الآن واختاري أرقى منتجات العلامات التجارية الشهيرة عالمياً.,"Stay fresh all day with deodorants and roll-ons. Shop online at Nysaa for effective, long-lasting fragrance solutions. Choose the best from leading brands.",,,,,,,,,LEVEL 3,,,,Fragrance,Women
404527153368,men,MERGE,Offers On Men's Fragrances/Perfumes At Nysaa,اشتري ارقى  تشكيلة من معطرات الشعر النسائية عبر الإنترنت في الإمارات العربية المتحدة بأفضل الأسعار بأفضل الأسعار | نساء,أضيفي لمسة عطرية إلى شعرك مع معطرات الشعر عبر الإنترنت لدى نساء. مثالية للحصول على عطر خفيف ودائم على خصلات شعرك. تسوقي معطرات الشعر عبر الإنترنت اليوم.,Enjoy amazing discounts on a wide collection of men's fragrances/perfumes online in the UAE at Nysaa.com. Free returns. Cash on delivery.,,,,,,,,,LEVEL 2,,,,Fragrance,
404527186136,men-perfumes-edt-edp,MERGE,"Buy Men's Perfumes EDT/EDP Online Nysaa | Dubai, UAE",اشترِ ارقى  تشكيلة من العطور الرجالية عبر الإنترنت في الإمارات العربية المتحدة بأفضل الأسعار | نساء,استكشف سحر العطور الرجالية عبر الإنترنت في نساء الإمارات . اختر من بين تشكيلة راقية من العطور الفواحة وماء التواليت المنعش لأشهر العلامات التجارية واحصل على خصومات مذهلة. تسوق الآن!,Select from exclusive men's EDTs and EDPs online at Nysaa. Shop fragrances that define sophistication and style. Get great deals and discounts,,,,,,,,,LEVEL 3,,,,Fragrance,Men
404527382744,giftsets-combos,MERGE,Buy Fragrance Giftsets & Combos Online At Nysaa UAE,اشتري أفضل تشكيلة من العطور الرجالية عبر الإنترنت بأفضل الأسعار في الإمارات العربية المتحدة | نساء,اختر من بين تشكيلة حصرية من العطور الرجالية عبر الإنترنت لدى نساء. تسوق أرقى العطور وماء التواليت لتضفي على نفسك لمسة من الرقي والأناقة. احصل على عروض وخصومات رائعة.,Find the perfect gift with fragrance giftsets and combos online at Nysaa UAE. Ideal for special occasions and loved ones. Shop quality products now at unbeatable prices,,,,,,,,,LEVEL 2,,,,Fragrance,
404528529624,incense-sticks,MERGE,"Buy Incense Sticks Online Nysaa, UAE For Serene Aroma",,,"Experience serenity with incense sticks online at Nysaa. Ideal for meditation, relaxation, and creating a peaceful ambiance. Shop now at unbelievable prices",,,,,,,,,LEVEL 3,,,,Fragrance,Aromatherapy
404528431320,aromatherapy,MERGE,Buy Aromatherapy Products Online At Nysaa UAE At Best Price,,,"Relax and rejuvenate with aromatherapy products online at Nysaa. Shop for candles, diffusers, and more for a soothing atmosphere. Get great deals and offers.",,,,,,,,,LEVEL 2,,,,Fragrance,
404528496856,diffuser,MERGE,Buy Diffusers Online At Nysaa UAE At Best Prices,,,Enhance your living space with elegant diffusers. A variety of scents to suit your home fragrance needs. Shop online at Nysaa today at never before prices!,,,,,,,,,LEVEL 3,,,,Fragrance,Aromatherapy
404528464088,candles,MERGE,"Buy Scented Candles Online At Nysaa | Dubai, UAE At Best Price",,,Create a cozy ambiance with scented candles. Perfect for relaxation and enhancing your home’s mood. Shop online at Nysaa today and get amazing offers.,,,,,,,,,LEVEL 3,,,,Fragrance,Aromatherapy
404528562392,home-sprays,MERGE,Buy Home Sprays Online At Nysaa UAE & Freshen Up Your Space,,,Instantly freshen up your home with home sprays. Delightful fragrances to revitalize any room.  Shop online at Nysaa today and get amazing deals and offers,,,,,,,,,LEVEL 3,,,,Fragrance,Aromatherapy
404528759000,bath-and-body,MERGE,Buy Bath & Body Products Online At Nysaa UAE For Luxurious Care,,,"Indulge in luxury with bath and body products online at Nysaa. Shop for shower gels, body scrubs, and more for ultimate pampering. Browse through the best brands.",,,,,,,,,LEVEL 1,true,5,,,
404528824536,shower-gels-and-body-wash,MERGE,"Buy Shower Gels & Body Wash Online Nysaa | Dubai, UAE",,,Refresh your skin with shower gels and body wash. Luxurious formulas for a revitalizing bathing experience. Shop online at Nysaa today & get amazing deals.,,,,,,,,,LEVEL 3,,,,Bath and Body,Bath and Shower
404528791768,bath-and-shower,MERGE,"Buy Bath & Shower Essentials Online At Nysaa, UAE At Great Prices",,,"Elevate your bath and shower routine with Nysaa. Select from a variety of gels, soaps, and bath salts. Choose from the best brands and shop online today.",,,,,,,,,LEVEL 2,,,,Bath and Body,
404528857304,body-scrubs-and-exfoliants,MERGE,"Buy Body Scrubs & Exfoliants Online At Nysaa | Dubai, UAE",,,"Exfoliate and rejuvenate your skin with body scrubs and exfoliants. Smooth, radiant skin starts here. Shop online at Nysaa today at never before prices.",,,,,,,,,LEVEL 3,,,,Bath and Body,Bath and Shower
404528890072,soaps-1,MERGE,"Buy Luxury Soaps Online At Nysaa, UAE At Great Prices",,,Discover a range of luxurious soaps online at Nysaa. Natural ingredients for a soothing and cleansing experience. Shop for some of the best soaps online.,,,,,,,,,LEVEL 3,,,,Bath and Body,Bath and Shower
404528922840,bath-salts-1,MERGE,"Buy Bath Salts Online At Nysaa, UAE For Relaxing Soaks",,,Soak in relaxation with bath salts. Transform your bath into a spa-like experience with our premium salts. Shop online at Nysaa and get awesome discounts and offers.,,,,,,,,,LEVEL 3,,,,Bath and Body,Bath and Shower
404529021144,body-lotions-moisturizers,MERGE,"Buy Body Lotions & Moisturizers Online At Nysaa, UAE At Best Prices",,,"Nourish and hydrate your skin with body lotions and moisturizers. Silky, smooth skin with every use. Shop online at Nysaa today. Get offers & discounts.",,,,,,,,,LEVEL 3,,,,Bath and Body,Body Care
404528988376,body-care-1,MERGE,"Buy Body Care Products From Popular Brands Online At Nysaa, UAE",,,"Nourish and hydrate your skin with body lotions, oils, moisturizers & more. Silky, smooth skin with every use. Shop online at Nysaa today. Get offers & discounts.",,,,,,,,,LEVEL 2,,,,Bath and Body,
404529053912,talcum-powder,MERGE,"Buy Talcum Powder Online At Nysaa, UAE At Unbelievable Prices",,,"Stay fresh and comfortable with talcum powder. Ideal for daily use with gentle, soothing properties. Shop online at Nysaa today and avail amazing deals & discounts.",,,,,,,,,LEVEL 3,,,,Bath and Body,Body Care
404529152216,massage-oils-1,MERGE,"Buy Massage Oils Online At Nysaa, UAE For Relaxing Therapy",,,Relax and unwind with massage oils. Perfect for soothing massages and nourishing your skin. Shop massage oils online at Nysaa today at never before prices.,,,,,,,,,LEVEL 3,,,,Bath and Body,Body Care
404529119448,body-butters,MERGE,"Buy Body Butter Online At Nysaa, UAE For Rich Hydration",,,"Indulge in deep hydration with body butter. Luxurious textures for soft, nourished skin. Shop online at Nysaa and choose from the most popular brands. Get deals.",,,,,,,,,LEVEL 3,,,,Bath and Body,Body Care
404529217752,hands-and-feet,MERGE,"Buy Hand & Foot Care Products Online At Nysaa, UAE",,,"Care for your hands and feet with a wide range of products online at Nysaa. Shop for hand creams, foot masks, and more at never before prices. Get Great deals",,,,,,,,,LEVEL 2,,,,Bath and Body,
404529283288,hand-creams-and-masks,MERGE,"Buy Hand Creams & Masks Online At Nysaa, UAE",,,"Moisturize and protect your hands with creams and masks. Luxurious care for soft, smooth hands. Shop online at Nysaa today to buy hand cream at the best price.",,,,,,,,,LEVEL 3,,,,Bath and Body,Hands and Feet
404529250520,hand-wash,MERGE,"Buy Hand Wash Online At Nysaa | Dubai, UAE",,,"Keep your hands clean and soft with a hand wash. Gentle, effective formulas for everyday use. Select the most popular brands online & shop for handwash today at Nysaa.",,,,,,,,,LEVEL 3,,,,Bath and Body,Hands and Feet
404529643736,mens-grooming,MERGE,Buy Men's Grooming Products Online At Nysaa UAE,,,"Explore men's grooming essentials online at Nysaa. Find products for shaving, beard care, and more for the modern man. Shop now and get the best price.",,,,,,,,,LEVEL 2,,,,Bath and Body,
404529774808,pre-and-post-shaves,MERGE,"Buy Pre & Post Shave Products Online At Nysaa, UAE",,,Ensure a smooth shave with pre and post shave products. Quality solutions for a comfortable shaving experience. Shop online at Nysaa today and get great discounts.,,,,,,,,,LEVEL 3,,,,Bath and Body,Men's Grooming
404529807576,beard-and-moustache-care,MERGE,"Buy Beard & Moustache Care Products Online At Nysaa, UAE",,,"Maintain your beard and moustache with specialized care products from Nysaa UAE. Shop online for oils, balms, and grooming tools for your beard at great prices.",,,,,,,,,LEVEL 3,,,,Bath and Body,Men's Grooming
404530266328,electronic-beauty-tools,MERGE,"Buy Latest Electronic Beauty Tools At Nysaa, UAE",,,Shop Nysaa's Electronic Tools for styling online in the UAE. Discover a range of high-quality devices designed to enhance your beauty routine.,,,,,,,,,LEVEL 1,,7,,,
404530331864,hair-dryers,MERGE,"Buy Hair Dryers Online At Nysaa | Dubai, UAE",,,"Shop Hair Dryers online at Nysaa at the best price in the UAE. Ensure quick and efficient styling, delivering salon-quality results at home",,,,,,,,,LEVEL 3,,,,Electronic Beauty Tools,Hair Styling Tools
404530299096,hair-styling-tools,MERGE,"Buy Hair Styling Tools Online At Nysaa | Dubai, UAE",,,Shop Nysaa's Hair Styling Tools online at the best price in the UAE. Discover a range of high-quality devices designed to enhance your hair styling.,,,,,,,,,LEVEL 2,,,,Electronic Beauty Tools,
404530397400,curling-irons-stylers,MERGE,"Buy Curling Irons And Stylers Online At Nysaa | Dubai, UAE",,,Shop Curling Irons & Stylers online at Nysaa at the best price in the UAE. Create stunning curls with a wide range of curling irons & stylers. Explore top brands.,,,,,,,,,LEVEL 3,,,,Electronic Beauty Tools,Hair Styling Tools
404530430168,multi-stylers,MERGE,"Buy Multi Stylers Online At Nysaa | Dubai, UAE",,,Experience versatility with Nysaa UAE's Multi Stylers. Perfect for creating multiple hair styles with one tool. Shop online now!,,,,,,,,,LEVEL 3,,,,Electronic Beauty Tools,Hair Styling Tools
404530462936,hot-brushes,MERGE,"Buy Hot Brushes Online At Nysaa | Dubai, UAE",,,"Get smooth, styled hair quickly with Hot Brushes available to buy on Nysaa, UAE. Browse our collection for efficient, easy hair styling solutions and get the best deals.",,,,,,,,,LEVEL 3,,,,Electronic Beauty Tools,Hair Styling Tools
404531085528,body-massage-tools,MERGE,"Buy Body Massage Tools Online At Nysaa | Dubai, UAE",,,Discover a wide range of Body Massage Tools on Nysaa. Perfect for relaxation and rejuvenation at home. Shop online for your wellness needs today.,,,,,,,,,LEVEL 2,,,,Electronic Beauty Tools,
404531118296,body-massagers,MERGE,"Buy Body Massagers Online At Nysaa | Dubai, UAE",,,Ease tension and relax your muscles with Body Massages. Find the perfect tool for a soothing home massage experience. Shop now at Nysaa.,,,,,,,,,LEVEL 3,,,,Electronic Beauty Tools,Body Massage Tools
404531249368,mens-store,MERGE,Shop Men's Personal Care Products Online In UAE | Nysaa,,,"Buy Men's Personal Care products online on Nysaa. Discover a wide range of men's shaving foam, shaving gel, lotions and more at Nysaa. Order now for great deals.",,,,,,,,,LEVEL 1,true,6,,,
404531314904,shaving,MERGE,"Shop Men's Shaving Products Online In Dubai, UAE | Nysaa",,,"Buy Shaving Products for men at best price online from Nysaa. Explore our collection of shaving gels, oils, creams, lotions, balms and more. Order now.",,,,,,,,,LEVEL 2,,,,Men's Store,
404531511512,shaving-gels,MERGE,"Shop Online Shaving Gels For Men In Dubai, UAE | Nysaa",,,Buy Shaving Gels for men at best price online from Nysaa. Choose the best shaving gels from the top brands in UAE. Order now.,,,,,,,,,LEVEL 3,,,,Men's Store,Shaving
404531675352,beard-oil,MERGE,"Shop Online Beard Oil For Men In Dubai, UAE | Nysaa",,,Buy Beard Oil for men at best price online from Nysaa. Choose the best products for men from the top brands in UAE. Order now & get amazing deals.,,,,,,,,,LEVEL 3,,,,Men's Store,Beard Care
404531642584,beard-care,MERGE,"Shop Beard Care Products Online In Dubai, UAE | Nysaa",,,Buy Beard Care products at the best price online from Nysaa. Choose the best products from popular brands in UAE. Order now & get great discounts.,,,,,,,,,LEVEL 2,,,,Men's Store,
404532396248,skin-care,MERGE,Shop Men's Skin Care Products Online In UAE | Nysaa,,,Buy Skin Care products for men at best price online from Nysaa. Choose the best skin care products from the top brands in UAE. Order now.,,,,,,,,,LEVEL 2,,,,Men's Store,
404532429016,face-wash,MERGE,"Shop Men's Face Wash Online In Dubai, UAE | Nysaa",,,Buy Face Wash for men at best price online from Nysaa. Choose the best skicnare products for men from the top brands in UAE. Order now at great prices.,,,,,,,,,LEVEL 3,,,,Men's Store,Skin Care
404532560088,scrubs-and-exfoliants,MERGE,Shop Men’s Scrubs And Exfoliants Online In UAE | Nysaa,,,Buy Scrubs and Exfoliants at the best price online from Nysaa. Choose the best skincare products for men from the top brands in UAE. Order now.,,,,,,,,,LEVEL 3,,,,Men's Store,Skin Care
404532625624,bath-shower-gels,MERGE,Shop Men's Bath Shower Gels Online In UAE | Nysaa,,,Buy Bath Shower Gels at the best price online from Nysaa. Choose the best bath products for men from the top brands in UAE. Order now at great prices.,,,,,,,,,LEVEL 3,,,,Men's Store,Bath and Body
405268889816,dr-barbara-sturm,MERGE,Dr. Barbara sturm,,,,,,,,,,,,,,,,,
405268955352,dunhill,MERGE,Shop For Dunhill Products Online In UAE | Nysaa,,,"Buy Dunhill collection at best price online from Nysaa. Huge collection. Order now and avail great offers, easy returns.",,,,,,,,,,,,,,
405269119192,eyecha,MERGE,Shop For Eyecha Products Online In UAE | Nysaa,,,"Buy Eyecha collection at best price online from Nysaa. Huge collection. Order now and avail great offers, easy returns.",,,,,,,,,,,,,,
